Workbook

Sheet Sheet1
A1: ID | B1: Name | C1: 43831 | D1: 43832 | E1: 43833 | F1: 43834 | G1: 43835 | H1: 43836
A2: G001 | B2: Chan, Daniel | C2: 8 | D2: 8 | E2: 8.5 | F2: 7 | G2: 5 | H2: 2.5
A3: G002 | B3: Ali, Dana | C3: 8.5 | D3: 7 | E3: 8 | F3: 8 | G3: 9 | H3: 5.5
A4: G003 | B4: Sanchez, Alexis | C4: 7.5 | D4: 6.5 | E4: 10 | F4: 8 | G4: 7 | H4: 5
A5: G004 | B5: Fischer, Wolfgang | C5: 8 | D5: 8 | E5: 8 | F5: 7 | G5: 7 | H5: 4
A6: G005 | B6: Patel, Anika | C6: 6 | D6: 5 | E6: 5 | F6: 5.5 | G6: 6 | H6: 2

Sheet Sheet2
A1: ID | B1: DOH | C1: Status | D1: Pay Rate
A2: G001 | B2: 40532 | C2: On Leave | D2: 100.5
A3: G002 | B3: 40183 | C3: Contractor | D3: 75
A4: G003 | B4: 40858 | C4: Full-Time | D4: 150
A5: G004 | B5: 43232 | C5: Contractor | D5: 65
A6: G005 | B6: 43832 | C6: Full-Time | D6: 3000

Sheet Sheet3
A1: ID | B1: Nomes | C1: 43831 | D1: 43832 | E1: 43833 | F1: 43834 | G1: 43835 | H1: 43836 | I1: Horas | J1: Taxa de pagamento | K1: Pagamento total
A2: G001 | B2: =TRIM(Sheet1!B2) -> Chan, Daniel | C2: =VALUE(Sheet1!C2) -> 8 | D2: =VALUE(Sheet1!D2) -> 8 | E2: =VALUE(Sheet1!E2) -> 8.5 | F2: =VALUE(Sheet1!F2) -> 7 | G2: =VALUE(Sheet1!G2) -> 5 | H2: =VALUE(Sheet1!H2) -> 2.5 | I2: =SUM(C2:H2) -> 39 | J2: =VLOOKUP(A2,Sheet2!A:D,4, FALSE) -> 100.5 | K2: =PRODUCT(I2,J2) -> 3919.5
A3: G002 | B3: =TRIM(Sheet1!B3) -> Ali, Dana | C3: =VALUE(Sheet1!C3) -> 8.5 | D3: =VALUE(Sheet1!D3) -> 7 | E3: =VALUE(Sheet1!E3) -> 8 | F3: =VALUE(Sheet1!F3) -> 8 | G3: =VALUE(Sheet1!G3) -> 9 | H3: =VALUE(Sheet1!H3) -> 5.5 | I3: =SUM(C3:H3) -> 46 | J3: =VLOOKUP(A3,Sheet2!A:D,4, FALSE) -> 75 | K3: =PRODUCT(I3,J3) -> 3450
A4: G003 | B4: =TRIM(Sheet1!B4) -> Sanchez, Alexis | C4: =VALUE(Sheet1!C4) -> 7.5 | D4: =VALUE(Sheet1!D4) -> 6.5 | E4: =VALUE(Sheet1!E4) -> 10 | F4: =VALUE(Sheet1!F4) -> 8 | G4: =VALUE(Sheet1!G4) -> 7 | H4: =VALUE(Sheet1!H4) -> 5 | I4: =SUM(C4:H4) -> 44 | J4: =VLOOKUP(A4,Sheet2!A:D,4, FALSE) -> 150 | K4: =PRODUCT(I4,J4) -> 6600
A5: G004 | B5: =TRIM(Sheet1!B5) -> Fischer, Wolfgang | C5: =VALUE(Sheet1!C5) -> 8 | D5: =VALUE(Sheet1!D5) -> 8 | E5: =VALUE(Sheet1!E5) -> 8 | F5: =VALUE(Sheet1!F5) -> 7 | G5: =VALUE(Sheet1!G5) -> 7 | H5: =VALUE(Sheet1!H5) -> 4 | I5: =SUM(C5:H5) -> 42 | J5: =VLOOKUP(A5,Sheet2!A:D,4, FALSE) -> 65 | K5: =PRODUCT(I5,J5) -> 2730
A6: G005 | B6: =TRIM(Sheet1!B6) -> Patel, Anika | C6: =VALUE(Sheet1!C6) -> 6 | D6: =VALUE(Sheet1!D6) -> 5 | E6: =VALUE(Sheet1!E6) -> 5 | F6: =VALUE(Sheet1!F6) -> 5.5 | G6: =VALUE(Sheet1!G6) -> 6 | H6: =VALUE(Sheet1!H6) -> 2 | I6: =SUM(C6:H6) -> 29.5 | J6: =VLOOKUP(A6,Sheet2!A:D,4, FALSE) -> 3000 | K6: =PRODUCT(I6,J6) -> 88500
B7: =TRIM(Sheet1!B7)
B8: =TRIM(Sheet1!B8)

Sheet Pivot Table 2
